id,name,image_path,additional_info,numerated_id,crop_path
6130009,rod,../data/images/595_6130009_rod.png,,5,../data/crop/crop_595_6130009_rod.png
300224,3x2brick,../data/images/474_300224_3x2brick.png,,7,../data/crop/crop_474_300224_3x2brick.png
6224075,guy,../data/images/134_6224075_guy.png,,2,../data/crop/crop_134_6224075_guy.png
6224075,guy,../data/images/174_6224075_guy.png,,2,../data/crop/crop_174_6224075_guy.png
300224,3x2brick,../data/images/478_300224_3x2brick.png,,7,../data/crop/crop_478_300224_3x2brick.png
6285534,chassis,../data/images/200_6285534_chassis.png,,1,../data/crop/crop_200_6285534_chassis.png
6224075,guy,../data/images/184_6224075_guy.png,,2,../data/crop/crop_184_6224075_guy.png
6329156,4x4smooth_plate,../data/images/543_6329156_4x4smooth_plate.png,,0,../data/crop/crop_543_6329156_4x4smooth_plate.png
300224,3x2brick,../data/images/450_300224_3x2brick.png,,7,../data/crop/crop_450_300224_3x2brick.png
300224,3x2brick,../data/images/484_300224_3x2brick.png,,7,../data/crop/crop_484_300224_3x2brick.png
6056830,wing_small,../data/images/291_6056830_wing_small.png,,4,../data/crop/crop_291_6056830_wing_small.png
6271584,7x1plate_w_holes,../data/images/750_6271584_7x1plate_w_holes.png,,9,../data/crop/crop_750_6271584_7x1plate_w_holes.png
6271584,7x1plate_w_holes,../data/images/740_6271584_7x1plate_w_holes.png,,9,../data/crop/crop_740_6271584_7x1plate_w_holes.png
6056830,wing_small,../data/images/297_6056830_wing_small.png,,4,../data/crop/crop_297_6056830_wing_small.png
6271584,7x1plate_w_holes,../data/images/749_6271584_7x1plate_w_holes.png,,9,../data/crop/crop_749_6271584_7x1plate_w_holes.png
6329156,4x4smooth_plate,../data/images/513_6329156_4x4smooth_plate.png,,0,../data/crop/crop_513_6329156_4x4smooth_plate.png
6323476,wing_big,../data/images/56_6323476_wing_big.png,,6,../data/crop/crop_56_6323476_wing_big.png
6271584,7x1plate_w_holes,../data/images/738_6271584_7x1plate_w_holes.png,,9,../data/crop/crop_738_6271584_7x1plate_w_holes.png
6323476,wing_big,../data/images/18_6323476_wing_big.png,,6,../data/crop/crop_18_6323476_wing_big.png
6130009,rod,../data/images/602_6130009_rod.png,,5,../data/crop/crop_602_6130009_rod.png
6271584,7x1plate_w_holes,../data/images/698_6271584_7x1plate_w_holes.png,,9,../data/crop/crop_698_6271584_7x1plate_w_holes.png
4243819,4xx4plate,../data/images/424_4243819_4xx4plate.png,,8,../data/crop/crop_424_4243819_4xx4plate.png
6130009,rod,../data/images/593_6130009_rod.png,,5,../data/crop/crop_593_6130009_rod.png
6329156,4x4smooth_plate,../data/images/515_6329156_4x4smooth_plate.png,,0,../data/crop/crop_515_6329156_4x4smooth_plate.png
6323476,wing_big,../data/images/74_6323476_wing_big.png,,6,../data/crop/crop_74_6323476_wing_big.png
6271584,7x1plate_w_holes,../data/images/707_6271584_7x1plate_w_holes.png,,9,../data/crop/crop_707_6271584_7x1plate_w_holes.png
6271584,7x1plate_w_holes,../data/images/706_6271584_7x1plate_w_holes.png,,9,../data/crop/crop_706_6271584_7x1plate_w_holes.png
6329156,4x4smooth_plate,../data/images/545_6329156_4x4smooth_plate.png,,0,../data/crop/crop_545_6329156_4x4smooth_plate.png
6323476,wing_big,../data/images/35_6323476_wing_big.png,,6,../data/crop/crop_35_6323476_wing_big.png
6224075,guy,../data/images/150_6224075_guy.png,,2,../data/crop/crop_150_6224075_guy.png
6130009,rod,../data/images/591_6130009_rod.png,,5,../data/crop/crop_591_6130009_rod.png
6271584,7x1plate_w_holes,../data/images/724_6271584_7x1plate_w_holes.png,,9,../data/crop/crop_724_6271584_7x1plate_w_holes.png
6285534,chassis,../data/images/203_6285534_chassis.png,,1,../data/crop/crop_203_6285534_chassis.png
6056830,wing_small,../data/images/363_6056830_wing_small.png,,4,../data/crop/crop_363_6056830_wing_small.png
6056830,wing_small,../data/images/312_6056830_wing_small.png,,4,../data/crop/crop_312_6056830_wing_small.png
4243819,4xx4plate,../data/images/426_4243819_4xx4plate.png,,8,../data/crop/crop_426_4243819_4xx4plate.png
6056830,wing_small,../data/images/373_6056830_wing_small.png,,4,../data/crop/crop_373_6056830_wing_small.png
6056830,wing_small,../data/images/298_6056830_wing_small.png,,4,../data/crop/crop_298_6056830_wing_small.png
6055123,propeller,../data/images/83_6055123_propeller.png,,3,../data/crop/crop_83_6055123_propeller.png
6271584,7x1plate_w_holes,../data/images/756_6271584_7x1plate_w_holes.png,,9,../data/crop/crop_756_6271584_7x1plate_w_holes.png
6285534,chassis,../data/images/232_6285534_chassis.png,,1,../data/crop/crop_232_6285534_chassis.png
6224075,guy,../data/images/122_6224075_guy.png,,2,../data/crop/crop_122_6224075_guy.png
6056830,wing_small,../data/images/338_6056830_wing_small.png,,4,../data/crop/crop_338_6056830_wing_small.png
300224,3x2brick,../data/images/456_300224_3x2brick.png,,7,../data/crop/crop_456_300224_3x2brick.png
6224075,guy,../data/images/128_6224075_guy.png,,2,../data/crop/crop_128_6224075_guy.png
6056830,wing_small,../data/images/301_6056830_wing_small.png,,4,../data/crop/crop_301_6056830_wing_small.png
4243819,4xx4plate,../data/images/395_4243819_4xx4plate.png,,8,../data/crop/crop_395_4243819_4xx4plate.png
6285534,chassis,../data/images/228_6285534_chassis.png,,1,../data/crop/crop_228_6285534_chassis.png
6055123,propeller,../data/images/99_6055123_propeller.png,,3,../data/crop/crop_99_6055123_propeller.png
6285534,chassis,../data/images/226_6285534_chassis.png,,1,../data/crop/crop_226_6285534_chassis.png
6271584,7x1plate_w_holes,../data/images/752_6271584_7x1plate_w_holes.png,,9,../data/crop/crop_752_6271584_7x1plate_w_holes.png
6130009,rod,../data/images/572_6130009_rod.png,,5,../data/crop/crop_572_6130009_rod.png
6130009,rod,../data/images/647_6130009_rod.png,,5,../data/crop/crop_647_6130009_rod.png
6130009,rod,../data/images/671_6130009_rod.png,,5,../data/crop/crop_671_6130009_rod.png
6130009,rod,../data/images/667_6130009_rod.png,,5,../data/crop/crop_667_6130009_rod.png
300224,3x2brick,../data/images/490_300224_3x2brick.png,,7,../data/crop/crop_490_300224_3x2brick.png
300224,3x2brick,../data/images/464_300224_3x2brick.png,,7,../data/crop/crop_464_300224_3x2brick.png
6224075,guy,../data/images/123_6224075_guy.png,,2,../data/crop/crop_123_6224075_guy.png
300224,3x2brick,../data/images/455_300224_3x2brick.png,,7,../data/crop/crop_455_300224_3x2brick.png
6271584,7x1plate_w_holes,../data/images/729_6271584_7x1plate_w_holes.png,,9,../data/crop/crop_729_6271584_7x1plate_w_holes.png
6130009,rod,../data/images/627_6130009_rod.png,,5,../data/crop/crop_627_6130009_rod.png
300224,3x2brick,../data/images/489_300224_3x2brick.png,,7,../data/crop/crop_489_300224_3x2brick.png
4243819,4xx4plate,../data/images/425_4243819_4xx4plate.png,,8,../data/crop/crop_425_4243819_4xx4plate.png
6056830,wing_small,../data/images/337_6056830_wing_small.png,,4,../data/crop/crop_337_6056830_wing_small.png
6130009,rod,../data/images/597_6130009_rod.png,,5,../data/crop/crop_597_6130009_rod.png
4243819,4xx4plate,../data/images/394_4243819_4xx4plate.png,,8,../data/crop/crop_394_4243819_4xx4plate.png
300224,3x2brick,../data/images/483_300224_3x2brick.png,,7,../data/crop/crop_483_300224_3x2brick.png
6224075,guy,../data/images/170_6224075_guy.png,,2,../data/crop/crop_170_6224075_guy.png
6285534,chassis,../data/images/225_6285534_chassis.png,,1,../data/crop/crop_225_6285534_chassis.png
6056830,wing_small,../data/images/306_6056830_wing_small.png,,4,../data/crop/crop_306_6056830_wing_small.png
6130009,rod,../data/images/605_6130009_rod.png,,5,../data/crop/crop_605_6130009_rod.png
6056830,wing_small,../data/images/318_6056830_wing_small.png,,4,../data/crop/crop_318_6056830_wing_small.png
6056830,wing_small,../data/images/302_6056830_wing_small.png,,4,../data/crop/crop_302_6056830_wing_small.png
6130009,rod,../data/images/637_6130009_rod.png,,5,../data/crop/crop_637_6130009_rod.png
6056830,wing_small,../data/images/354_6056830_wing_small.png,,4,../data/crop/crop_354_6056830_wing_small.png
6271584,7x1plate_w_holes,../data/images/712_6271584_7x1plate_w_holes.png,,9,../data/crop/crop_712_6271584_7x1plate_w_holes.png
6285534,chassis,../data/images/273_6285534_chassis.png,,1,../data/crop/crop_273_6285534_chassis.png
6323476,wing_big,../data/images/50_6323476_wing_big.png,,6,../data/crop/crop_50_6323476_wing_big.png
6055123,propeller,../data/images/106_6055123_propeller.png,,3,../data/crop/crop_106_6055123_propeller.png
6329156,4x4smooth_plate,../data/images/506_6329156_4x4smooth_plate.png,,0,../data/crop/crop_506_6329156_4x4smooth_plate.png
6056830,wing_small,../data/images/381_6056830_wing_small.png,,4,../data/crop/crop_381_6056830_wing_small.png
4243819,4xx4plate,../data/images/396_4243819_4xx4plate.png,,8,../data/crop/crop_396_4243819_4xx4plate.png
6055123,propeller,../data/images/102_6055123_propeller.png,,3,../data/crop/crop_102_6055123_propeller.png
300224,3x2brick,../data/images/477_300224_3x2brick.png,,7,../data/crop/crop_477_300224_3x2brick.png
6130009,rod,../data/images/587_6130009_rod.png,,5,../data/crop/crop_587_6130009_rod.png
6271584,7x1plate_w_holes,../data/images/684_6271584_7x1plate_w_holes.png,,9,../data/crop/crop_684_6271584_7x1plate_w_holes.png
6329156,4x4smooth_plate,../data/images/534_6329156_4x4smooth_plate.png,,0,../data/crop/crop_534_6329156_4x4smooth_plate.png
6130009,rod,../data/images/610_6130009_rod.png,,5,../data/crop/crop_610_6130009_rod.png
6271584,7x1plate_w_holes,../data/images/690_6271584_7x1plate_w_holes.png,,9,../data/crop/crop_690_6271584_7x1plate_w_holes.png
6130009,rod,../data/images/659_6130009_rod.png,,5,../data/crop/crop_659_6130009_rod.png
4243819,4xx4plate,../data/images/419_4243819_4xx4plate.png,,8,../data/crop/crop_419_4243819_4xx4plate.png
6224075,guy,../data/images/158_6224075_guy.png,,2,../data/crop/crop_158_6224075_guy.png
6323476,wing_big,../data/images/12_6323476_wing_big.png,,6,../data/crop/crop_12_6323476_wing_big.png
6130009,rod,../data/images/662_6130009_rod.png,,5,../data/crop/crop_662_6130009_rod.png
6271584,7x1plate_w_holes,../data/images/705_6271584_7x1plate_w_holes.png,,9,../data/crop/crop_705_6271584_7x1plate_w_holes.png
4243819,4xx4plate,../data/images/390_4243819_4xx4plate.png,,8,../data/crop/crop_390_4243819_4xx4plate.png
6323476,wing_big,../data/images/5_6323476_wing_big.png,,6,../data/crop/crop_5_6323476_wing_big.png
6323476,wing_big,../data/images/76_6323476_wing_big.png,,6,../data/crop/crop_76_6323476_wing_big.png
6056830,wing_small,../data/images/325_6056830_wing_small.png,,4,../data/crop/crop_325_6056830_wing_small.png
6224075,guy,../data/images/186_6224075_guy.png,,2,../data/crop/crop_186_6224075_guy.png
6329156,4x4smooth_plate,../data/images/559_6329156_4x4smooth_plate.png,,0,../data/crop/crop_559_6329156_4x4smooth_plate.png
6224075,guy,../data/images/168_6224075_guy.png,,2,../data/crop/crop_168_6224075_guy.png
6224075,guy,../data/images/179_6224075_guy.png,,2,../data/crop/crop_179_6224075_guy.png
6329156,4x4smooth_plate,../data/images/520_6329156_4x4smooth_plate.png,,0,../data/crop/crop_520_6329156_4x4smooth_plate.png
6130009,rod,../data/images/603_6130009_rod.png,,5,../data/crop/crop_603_6130009_rod.png
6329156,4x4smooth_plate,../data/images/538_6329156_4x4smooth_plate.png,,0,../data/crop/crop_538_6329156_4x4smooth_plate.png
6130009,rod,../data/images/635_6130009_rod.png,,5,../data/crop/crop_635_6130009_rod.png
6323476,wing_big,../data/images/53_6323476_wing_big.png,,6,../data/crop/crop_53_6323476_wing_big.png
6130009,rod,../data/images/621_6130009_rod.png,,5,../data/crop/crop_621_6130009_rod.png
6323476,wing_big,../data/images/63_6323476_wing_big.png,,6,../data/crop/crop_63_6323476_wing_big.png
6130009,rod,../data/images/643_6130009_rod.png,,5,../data/crop/crop_643_6130009_rod.png
6285534,chassis,../data/images/238_6285534_chassis.png,,1,../data/crop/crop_238_6285534_chassis.png
4243819,4xx4plate,../data/images/410_4243819_4xx4plate.png,,8,../data/crop/crop_410_4243819_4xx4plate.png
300224,3x2brick,../data/images/441_300224_3x2brick.png,,7,../data/crop/crop_441_300224_3x2brick.png
6271584,7x1plate_w_holes,../data/images/753_6271584_7x1plate_w_holes.png,,9,../data/crop/crop_753_6271584_7x1plate_w_holes.png
4243819,4xx4plate,../data/images/403_4243819_4xx4plate.png,,8,../data/crop/crop_403_4243819_4xx4plate.png
6323476,wing_big,../data/images/48_6323476_wing_big.png,,6,../data/crop/crop_48_6323476_wing_big.png
6285534,chassis,../data/images/227_6285534_chassis.png,,1,../data/crop/crop_227_6285534_chassis.png
6130009,rod,../data/images/583_6130009_rod.png,,5,../data/crop/crop_583_6130009_rod.png
6323476,wing_big,../data/images/71_6323476_wing_big.png,,6,../data/crop/crop_71_6323476_wing_big.png
4243819,4xx4plate,../data/images/392_4243819_4xx4plate.png,,8,../data/crop/crop_392_4243819_4xx4plate.png
4243819,4xx4plate,../data/images/406_4243819_4xx4plate.png,,8,../data/crop/crop_406_4243819_4xx4plate.png
6285534,chassis,../data/images/210_6285534_chassis.png,,1,../data/crop/crop_210_6285534_chassis.png
6224075,guy,../data/images/135_6224075_guy.png,,2,../data/crop/crop_135_6224075_guy.png
6130009,rod,../data/images/611_6130009_rod.png,,5,../data/crop/crop_611_6130009_rod.png
6323476,wing_big,../data/images/33_6323476_wing_big.png,,6,../data/crop/crop_33_6323476_wing_big.png
6224075,guy,../data/images/163_6224075_guy.png,,2,../data/crop/crop_163_6224075_guy.png
6130009,rod,../data/images/600_6130009_rod.png,,5,../data/crop/crop_600_6130009_rod.png
6130009,rod,../data/images/604_6130009_rod.png,,5,../data/crop/crop_604_6130009_rod.png
6285534,chassis,../data/images/269_6285534_chassis.png,,1,../data/crop/crop_269_6285534_chassis.png
6056830,wing_small,../data/images/360_6056830_wing_small.png,,4,../data/crop/crop_360_6056830_wing_small.png
6329156,4x4smooth_plate,../data/images/562_6329156_4x4smooth_plate.png,,0,../data/crop/crop_562_6329156_4x4smooth_plate.png
6271584,7x1plate_w_holes,../data/images/722_6271584_7x1plate_w_holes.png,,9,../data/crop/crop_722_6271584_7x1plate_w_holes.png
6224075,guy,../data/images/151_6224075_guy.png,,2,../data/crop/crop_151_6224075_guy.png
6224075,guy,../data/images/138_6224075_guy.png,,2,../data/crop/crop_138_6224075_guy.png
300224,3x2brick,../data/images/491_300224_3x2brick.png,,7,../data/crop/crop_491_300224_3x2brick.png
6329156,4x4smooth_plate,../data/images/550_6329156_4x4smooth_plate.png,,0,../data/crop/crop_550_6329156_4x4smooth_plate.png
4243819,4xx4plate,../data/images/391_4243819_4xx4plate.png,,8,../data/crop/crop_391_4243819_4xx4plate.png
6056830,wing_small,../data/images/375_6056830_wing_small.png,,4,../data/crop/crop_375_6056830_wing_small.png
4243819,4xx4plate,../data/images/416_4243819_4xx4plate.png,,8,../data/crop/crop_416_4243819_4xx4plate.png
6329156,4x4smooth_plate,../data/images/552_6329156_4x4smooth_plate.png,,0,../data/crop/crop_552_6329156_4x4smooth_plate.png
6271584,7x1plate_w_holes,../data/images/731_6271584_7x1plate_w_holes.png,,9,../data/crop/crop_731_6271584_7x1plate_w_holes.png
6130009,rod,../data/images/630_6130009_rod.png,,5,../data/crop/crop_630_6130009_rod.png
6130009,rod,../data/images/571_6130009_rod.png,,5,../data/crop/crop_571_6130009_rod.png
6271584,7x1plate_w_holes,../data/images/746_6271584_7x1plate_w_holes.png,,9,../data/crop/crop_746_6271584_7x1plate_w_holes.png
6323476,wing_big,../data/images/42_6323476_wing_big.png,,6,../data/crop/crop_42_6323476_wing_big.png
6056830,wing_small,../data/images/315_6056830_wing_small.png,,4,../data/crop/crop_315_6056830_wing_small.png
6056830,wing_small,../data/images/346_6056830_wing_small.png,,4,../data/crop/crop_346_6056830_wing_small.png
6329156,4x4smooth_plate,../data/images/557_6329156_4x4smooth_plate.png,,0,../data/crop/crop_557_6329156_4x4smooth_plate.png
4243819,4xx4plate,../data/images/411_4243819_4xx4plate.png,,8,../data/crop/crop_411_4243819_4xx4plate.png
6329156,4x4smooth_plate,../data/images/517_6329156_4x4smooth_plate.png,,0,../data/crop/crop_517_6329156_4x4smooth_plate.png
6224075,guy,../data/images/189_6224075_guy.png,,2,../data/crop/crop_189_6224075_guy.png
6271584,7x1plate_w_holes,../data/images/716_6271584_7x1plate_w_holes.png,,9,../data/crop/crop_716_6271584_7x1plate_w_holes.png
6323476,wing_big,../data/images/8_6323476_wing_big.png,,6,../data/crop/crop_8_6323476_wing_big.png
6271584,7x1plate_w_holes,../data/images/681_6271584_7x1plate_w_holes.png,,9,../data/crop/crop_681_6271584_7x1plate_w_holes.png
6224075,guy,../data/images/148_6224075_guy.png,,2,../data/crop/crop_148_6224075_guy.png
6055123,propeller,../data/images/96_6055123_propeller.png,,3,../data/crop/crop_96_6055123_propeller.png
6224075,guy,../data/images/142_6224075_guy.png,,2,../data/crop/crop_142_6224075_guy.png
6271584,7x1plate_w_holes,../data/images/757_6271584_7x1plate_w_holes.png,,9,../data/crop/crop_757_6271584_7x1plate_w_holes.png
6285534,chassis,../data/images/235_6285534_chassis.png,,1,../data/crop/crop_235_6285534_chassis.png
6285534,chassis,../data/images/212_6285534_chassis.png,,1,../data/crop/crop_212_6285534_chassis.png
300224,3x2brick,../data/images/486_300224_3x2brick.png,,7,../data/crop/crop_486_300224_3x2brick.png
6323476,wing_big,../data/images/70_6323476_wing_big.png,,6,../data/crop/crop_70_6323476_wing_big.png
6130009,rod,../data/images/651_6130009_rod.png,,5,../data/crop/crop_651_6130009_rod.png
6271584,7x1plate_w_holes,../data/images/726_6271584_7x1plate_w_holes.png,,9,../data/crop/crop_726_6271584_7x1plate_w_holes.png
300224,3x2brick,../data/images/504_300224_3x2brick.png,,7,../data/crop/crop_504_300224_3x2brick.png
6130009,rod,../data/images/578_6130009_rod.png,,5,../data/crop/crop_578_6130009_rod.png
4243819,4xx4plate,../data/images/413_4243819_4xx4plate.png,,8,../data/crop/crop_413_4243819_4xx4plate.png
300224,3x2brick,../data/images/498_300224_3x2brick.png,,7,../data/crop/crop_498_300224_3x2brick.png
6130009,rod,../data/images/582_6130009_rod.png,,5,../data/crop/crop_582_6130009_rod.png
6055123,propeller,../data/images/88_6055123_propeller.png,,3,../data/crop/crop_88_6055123_propeller.png
6323476,wing_big,../data/images/59_6323476_wing_big.png,,6,../data/crop/crop_59_6323476_wing_big.png
6055123,propeller,../data/images/90_6055123_propeller.png,,3,../data/crop/crop_90_6055123_propeller.png
6056830,wing_small,../data/images/293_6056830_wing_small.png,,4,../data/crop/crop_293_6056830_wing_small.png
6285534,chassis,../data/images/202_6285534_chassis.png,,1,../data/crop/crop_202_6285534_chassis.png
6285534,chassis,../data/images/283_6285534_chassis.png,,1,../data/crop/crop_283_6285534_chassis.png
6271584,7x1plate_w_holes,../data/images/755_6271584_7x1plate_w_holes.png,,9,../data/crop/crop_755_6271584_7x1plate_w_holes.png
6329156,4x4smooth_plate,../data/images/512_6329156_4x4smooth_plate.png,,0,../data/crop/crop_512_6329156_4x4smooth_plate.png
6130009,rod,../data/images/616_6130009_rod.png,,5,../data/crop/crop_616_6130009_rod.png
6130009,rod,../data/images/668_6130009_rod.png,,5,../data/crop/crop_668_6130009_rod.png
6224075,guy,../data/images/126_6224075_guy.png,,2,../data/crop/crop_126_6224075_guy.png
4243819,4xx4plate,../data/images/398_4243819_4xx4plate.png,,8,../data/crop/crop_398_4243819_4xx4plate.png
6271584,7x1plate_w_holes,../data/images/700_6271584_7x1plate_w_holes.png,,9,../data/crop/crop_700_6271584_7x1plate_w_holes.png
4243819,4xx4plate,../data/images/409_4243819_4xx4plate.png,,8,../data/crop/crop_409_4243819_4xx4plate.png
6285534,chassis,../data/images/252_6285534_chassis.png,,1,../data/crop/crop_252_6285534_chassis.png
6056830,wing_small,../data/images/308_6056830_wing_small.png,,4,../data/crop/crop_308_6056830_wing_small.png
6271584,7x1plate_w_holes,../data/images/693_6271584_7x1plate_w_holes.png,,9,../data/crop/crop_693_6271584_7x1plate_w_holes.png
6271584,7x1plate_w_holes,../data/images/703_6271584_7x1plate_w_holes.png,,9,../data/crop/crop_703_6271584_7x1plate_w_holes.png
6285534,chassis,../data/images/256_6285534_chassis.png,,1,../data/crop/crop_256_6285534_chassis.png
6323476,wing_big,../data/images/6_6323476_wing_big.png,,6,../data/crop/crop_6_6323476_wing_big.png
6323476,wing_big,../data/images/39_6323476_wing_big.png,,6,../data/crop/crop_39_6323476_wing_big.png
6130009,rod,../data/images/660_6130009_rod.png,,5,../data/crop/crop_660_6130009_rod.png
6323476,wing_big,../data/images/29_6323476_wing_big.png,,6,../data/crop/crop_29_6323476_wing_big.png
4243819,4xx4plate,../data/images/423_4243819_4xx4plate.png,,8,../data/crop/crop_423_4243819_4xx4plate.png
6271584,7x1plate_w_holes,../data/images/697_6271584_7x1plate_w_holes.png,,9,../data/crop/crop_697_6271584_7x1plate_w_holes.png
6271584,7x1plate_w_holes,../data/images/727_6271584_7x1plate_w_holes.png,,9,../data/crop/crop_727_6271584_7x1plate_w_holes.png
300224,3x2brick,../data/images/443_300224_3x2brick.png,,7,../data/crop/crop_443_300224_3x2brick.png
6130009,rod,../data/images/639_6130009_rod.png,,5,../data/crop/crop_639_6130009_rod.png
4243819,4xx4plate,../data/images/439_4243819_4xx4plate.png,,8,../data/crop/crop_439_4243819_4xx4plate.png
6224075,guy,../data/images/173_6224075_guy.png,,2,../data/crop/crop_173_6224075_guy.png
6285534,chassis,../data/images/263_6285534_chassis.png,,1,../data/crop/crop_263_6285534_chassis.png
6323476,wing_big,../data/images/64_6323476_wing_big.png,,6,../data/crop/crop_64_6323476_wing_big.png
6130009,rod,../data/images/619_6130009_rod.png,,5,../data/crop/crop_619_6130009_rod.png
6285534,chassis,../data/images/242_6285534_chassis.png,,1,../data/crop/crop_242_6285534_chassis.png
6056830,wing_small,../data/images/348_6056830_wing_small.png,,4,../data/crop/crop_348_6056830_wing_small.png
6056830,wing_small,../data/images/296_6056830_wing_small.png,,4,../data/crop/crop_296_6056830_wing_small.png
6285534,chassis,../data/images/264_6285534_chassis.png,,1,../data/crop/crop_264_6285534_chassis.png
4243819,4xx4plate,../data/images/402_4243819_4xx4plate.png,,8,../data/crop/crop_402_4243819_4xx4plate.png
6329156,4x4smooth_plate,../data/images/544_6329156_4x4smooth_plate.png,,0,../data/crop/crop_544_6329156_4x4smooth_plate.png
300224,3x2brick,../data/images/460_300224_3x2brick.png,,7,../data/crop/crop_460_300224_3x2brick.png
6271584,7x1plate_w_holes,../data/images/735_6271584_7x1plate_w_holes.png,,9,../data/crop/crop_735_6271584_7x1plate_w_holes.png
300224,3x2brick,../data/images/482_300224_3x2brick.png,,7,../data/crop/crop_482_300224_3x2brick.png
6329156,4x4smooth_plate,../data/images/540_6329156_4x4smooth_plate.png,,0,../data/crop/crop_540_6329156_4x4smooth_plate.png
6224075,guy,../data/images/145_6224075_guy.png,,2,../data/crop/crop_145_6224075_guy.png
6224075,guy,../data/images/154_6224075_guy.png,,2,../data/crop/crop_154_6224075_guy.png
6056830,wing_small,../data/images/343_6056830_wing_small.png,,4,../data/crop/crop_343_6056830_wing_small.png
6224075,guy,../data/images/153_6224075_guy.png,,2,../data/crop/crop_153_6224075_guy.png
6285534,chassis,../data/images/270_6285534_chassis.png,,1,../data/crop/crop_270_6285534_chassis.png
6224075,guy,../data/images/192_6224075_guy.png,,2,../data/crop/crop_192_6224075_guy.png
6055123,propeller,../data/images/94_6055123_propeller.png,,3,../data/crop/crop_94_6055123_propeller.png
6130009,rod,../data/images/632_6130009_rod.png,,5,../data/crop/crop_632_6130009_rod.png
6271584,7x1plate_w_holes,../data/images/695_6271584_7x1plate_w_holes.png,,9,../data/crop/crop_695_6271584_7x1plate_w_holes.png
300224,3x2brick,../data/images/468_300224_3x2brick.png,,7,../data/crop/crop_468_300224_3x2brick.png
300224,3x2brick,../data/images/469_300224_3x2brick.png,,7,../data/crop/crop_469_300224_3x2brick.png
6329156,4x4smooth_plate,../data/images/537_6329156_4x4smooth_plate.png,,0,../data/crop/crop_537_6329156_4x4smooth_plate.png
6271584,7x1plate_w_holes,../data/images/686_6271584_7x1plate_w_holes.png,,9,../data/crop/crop_686_6271584_7x1plate_w_holes.png
6056830,wing_small,../data/images/339_6056830_wing_small.png,,4,../data/crop/crop_339_6056830_wing_small.png
6224075,guy,../data/images/171_6224075_guy.png,,2,../data/crop/crop_171_6224075_guy.png
6130009,rod,../data/images/606_6130009_rod.png,,5,../data/crop/crop_606_6130009_rod.png
6224075,guy,../data/images/147_6224075_guy.png,,2,../data/crop/crop_147_6224075_guy.png
6329156,4x4smooth_plate,../data/images/569_6329156_4x4smooth_plate.png,,0,../data/crop/crop_569_6329156_4x4smooth_plate.png
6271584,7x1plate_w_holes,../data/images/678_6271584_7x1plate_w_holes.png,,9,../data/crop/crop_678_6271584_7x1plate_w_holes.png
6285534,chassis,../data/images/230_6285534_chassis.png,,1,../data/crop/crop_230_6285534_chassis.png
4243819,4xx4plate,../data/images/386_4243819_4xx4plate.png,,8,../data/crop/crop_386_4243819_4xx4plate.png
4243819,4xx4plate,../data/images/427_4243819_4xx4plate.png,,8,../data/crop/crop_427_4243819_4xx4plate.png
6329156,4x4smooth_plate,../data/images/529_6329156_4x4smooth_plate.png,,0,../data/crop/crop_529_6329156_4x4smooth_plate.png
6130009,rod,../data/images/644_6130009_rod.png,,5,../data/crop/crop_644_6130009_rod.png
300224,3x2brick,../data/images/457_300224_3x2brick.png,,7,../data/crop/crop_457_300224_3x2brick.png
6056830,wing_small,../data/images/295_6056830_wing_small.png,,4,../data/crop/crop_295_6056830_wing_small.png
6329156,4x4smooth_plate,../data/images/551_6329156_4x4smooth_plate.png,,0,../data/crop/crop_551_6329156_4x4smooth_plate.png
6329156,4x4smooth_plate,../data/images/516_6329156_4x4smooth_plate.png,,0,../data/crop/crop_516_6329156_4x4smooth_plate.png
6224075,guy,../data/images/127_6224075_guy.png,,2,../data/crop/crop_127_6224075_guy.png
6323476,wing_big,../data/images/7_6323476_wing_big.png,,6,../data/crop/crop_7_6323476_wing_big.png
300224,3x2brick,../data/images/492_300224_3x2brick.png,,7,../data/crop/crop_492_300224_3x2brick.png
4243819,4xx4plate,../data/images/414_4243819_4xx4plate.png,,8,../data/crop/crop_414_4243819_4xx4plate.png
6285534,chassis,../data/images/231_6285534_chassis.png,,1,../data/crop/crop_231_6285534_chassis.png
4243819,4xx4plate,../data/images/400_4243819_4xx4plate.png,,8,../data/crop/crop_400_4243819_4xx4plate.png
6329156,4x4smooth_plate,../data/images/507_6329156_4x4smooth_plate.png,,0,../data/crop/crop_507_6329156_4x4smooth_plate.png
6130009,rod,../data/images/594_6130009_rod.png,,5,../data/crop/crop_594_6130009_rod.png
300224,3x2brick,../data/images/454_300224_3x2brick.png,,7,../data/crop/crop_454_300224_3x2brick.png
6224075,guy,../data/images/176_6224075_guy.png,,2,../data/crop/crop_176_6224075_guy.png
6271584,7x1plate_w_holes,../data/images/737_6271584_7x1plate_w_holes.png,,9,../data/crop/crop_737_6271584_7x1plate_w_holes.png
6271584,7x1plate_w_holes,../data/images/745_6271584_7x1plate_w_holes.png,,9,../data/crop/crop_745_6271584_7x1plate_w_holes.png
6285534,chassis,../data/images/282_6285534_chassis.png,,1,../data/crop/crop_282_6285534_chassis.png
6285534,chassis,../data/images/290_6285534_chassis.png,,1,../data/crop/crop_290_6285534_chassis.png
300224,3x2brick,../data/images/502_300224_3x2brick.png,,7,../data/crop/crop_502_300224_3x2brick.png
6285534,chassis,../data/images/219_6285534_chassis.png,,1,../data/crop/crop_219_6285534_chassis.png
6329156,4x4smooth_plate,../data/images/558_6329156_4x4smooth_plate.png,,0,../data/crop/crop_558_6329156_4x4smooth_plate.png
6329156,4x4smooth_plate,../data/images/511_6329156_4x4smooth_plate.png,,0,../data/crop/crop_511_6329156_4x4smooth_plate.png
6055123,propeller,../data/images/103_6055123_propeller.png,,3,../data/crop/crop_103_6055123_propeller.png
6056830,wing_small,../data/images/378_6056830_wing_small.png,,4,../data/crop/crop_378_6056830_wing_small.png
6130009,rod,../data/images/624_6130009_rod.png,,5,../data/crop/crop_624_6130009_rod.png
6285534,chassis,../data/images/254_6285534_chassis.png,,1,../data/crop/crop_254_6285534_chassis.png
6271584,7x1plate_w_holes,../data/images/702_6271584_7x1plate_w_holes.png,,9,../data/crop/crop_702_6271584_7x1plate_w_holes.png
6329156,4x4smooth_plate,../data/images/523_6329156_4x4smooth_plate.png,,0,../data/crop/crop_523_6329156_4x4smooth_plate.png
6130009,rod,../data/images/570_6130009_rod.png,,5,../data/crop/crop_570_6130009_rod.png
6224075,guy,../data/images/178_6224075_guy.png,,2,../data/crop/crop_178_6224075_guy.png
6056830,wing_small,../data/images/379_6056830_wing_small.png,,4,../data/crop/crop_379_6056830_wing_small.png
4243819,4xx4plate,../data/images/415_4243819_4xx4plate.png,,8,../data/crop/crop_415_4243819_4xx4plate.png
6285534,chassis,../data/images/241_6285534_chassis.png,,1,../data/crop/crop_241_6285534_chassis.png
6329156,4x4smooth_plate,../data/images/555_6329156_4x4smooth_plate.png,,0,../data/crop/crop_555_6329156_4x4smooth_plate.png
300224,3x2brick,../data/images/476_300224_3x2brick.png,,7,../data/crop/crop_476_300224_3x2brick.png
4243819,4xx4plate,../data/images/387_4243819_4xx4plate.png,,8,../data/crop/crop_387_4243819_4xx4plate.png
6056830,wing_small,../data/images/328_6056830_wing_small.png,,4,../data/crop/crop_328_6056830_wing_small.png
6323476,wing_big,../data/images/3_6323476_wing_big.png,,6,../data/crop/crop_3_6323476_wing_big.png
6323476,wing_big,../data/images/17_6323476_wing_big.png,,6,../data/crop/crop_17_6323476_wing_big.png
300224,3x2brick,../data/images/453_300224_3x2brick.png,,7,../data/crop/crop_453_300224_3x2brick.png
6271584,7x1plate_w_holes,../data/images/747_6271584_7x1plate_w_holes.png,,9,../data/crop/crop_747_6271584_7x1plate_w_holes.png
6329156,4x4smooth_plate,../data/images/531_6329156_4x4smooth_plate.png,,0,../data/crop/crop_531_6329156_4x4smooth_plate.png
6271584,7x1plate_w_holes,../data/images/730_6271584_7x1plate_w_holes.png,,9,../data/crop/crop_730_6271584_7x1plate_w_holes.png
6271584,7x1plate_w_holes,../data/images/728_6271584_7x1plate_w_holes.png,,9,../data/crop/crop_728_6271584_7x1plate_w_holes.png
6271584,7x1plate_w_holes,../data/images/718_6271584_7x1plate_w_holes.png,,9,../data/crop/crop_718_6271584_7x1plate_w_holes.png
6130009,rod,../data/images/609_6130009_rod.png,,5,../data/crop/crop_609_6130009_rod.png
300224,3x2brick,../data/images/481_300224_3x2brick.png,,7,../data/crop/crop_481_300224_3x2brick.png
6323476,wing_big,../data/images/1_6323476_wing_big.png,,6,../data/crop/crop_1_6323476_wing_big.png
6224075,guy,../data/images/139_6224075_guy.png,,2,../data/crop/crop_139_6224075_guy.png
6285534,chassis,../data/images/268_6285534_chassis.png,,1,../data/crop/crop_268_6285534_chassis.png
6055123,propeller,../data/images/91_6055123_propeller.png,,3,../data/crop/crop_91_6055123_propeller.png
6130009,rod,../data/images/638_6130009_rod.png,,5,../data/crop/crop_638_6130009_rod.png
6323476,wing_big,../data/images/57_6323476_wing_big.png,,6,../data/crop/crop_57_6323476_wing_big.png
6056830,wing_small,../data/images/384_6056830_wing_small.png,,4,../data/crop/crop_384_6056830_wing_small.png
6285534,chassis,../data/images/215_6285534_chassis.png,,1,../data/crop/crop_215_6285534_chassis.png
6056830,wing_small,../data/images/359_6056830_wing_small.png,,4,../data/crop/crop_359_6056830_wing_small.png
6056830,wing_small,../data/images/330_6056830_wing_small.png,,4,../data/crop/crop_330_6056830_wing_small.png
4243819,4xx4plate,../data/images/436_4243819_4xx4plate.png,,8,../data/crop/crop_436_4243819_4xx4plate.png
6055123,propeller,../data/images/116_6055123_propeller.png,,3,../data/crop/crop_116_6055123_propeller.png
6271584,7x1plate_w_holes,../data/images/759_6271584_7x1plate_w_holes.png,,9,../data/crop/crop_759_6271584_7x1plate_w_holes.png
300224,3x2brick,../data/images/452_300224_3x2brick.png,,7,../data/crop/crop_452_300224_3x2brick.png
6285534,chassis,../data/images/240_6285534_chassis.png,,1,../data/crop/crop_240_6285534_chassis.png
6224075,guy,../data/images/167_6224075_guy.png,,2,../data/crop/crop_167_6224075_guy.png
6329156,4x4smooth_plate,../data/images/548_6329156_4x4smooth_plate.png,,0,../data/crop/crop_548_6329156_4x4smooth_plate.png
6285534,chassis,../data/images/204_6285534_chassis.png,,1,../data/crop/crop_204_6285534_chassis.png
6130009,rod,../data/images/661_6130009_rod.png,,5,../data/crop/crop_661_6130009_rod.png
6130009,rod,../data/images/666_6130009_rod.png,,5,../data/crop/crop_666_6130009_rod.png
6130009,rod,../data/images/607_6130009_rod.png,,5,../data/crop/crop_607_6130009_rod.png
4243819,4xx4plate,../data/images/418_4243819_4xx4plate.png,,8,../data/crop/crop_418_4243819_4xx4plate.png
300224,3x2brick,../data/images/463_300224_3x2brick.png,,7,../data/crop/crop_463_300224_3x2brick.png
6329156,4x4smooth_plate,../data/images/522_6329156_4x4smooth_plate.png,,0,../data/crop/crop_522_6329156_4x4smooth_plate.png
6056830,wing_small,../data/images/299_6056830_wing_small.png,,4,../data/crop/crop_299_6056830_wing_small.png
6056830,wing_small,../data/images/320_6056830_wing_small.png,,4,../data/crop/crop_320_6056830_wing_small.png
6224075,guy,../data/images/133_6224075_guy.png,,2,../data/crop/crop_133_6224075_guy.png
6055123,propeller,../data/images/109_6055123_propeller.png,,3,../data/crop/crop_109_6055123_propeller.png
6056830,wing_small,../data/images/311_6056830_wing_small.png,,4,../data/crop/crop_311_6056830_wing_small.png
6224075,guy,../data/images/124_6224075_guy.png,,2,../data/crop/crop_124_6224075_guy.png
6285534,chassis,../data/images/216_6285534_chassis.png,,1,../data/crop/crop_216_6285534_chassis.png
6224075,guy,../data/images/181_6224075_guy.png,,2,../data/crop/crop_181_6224075_guy.png
6056830,wing_small,../data/images/329_6056830_wing_small.png,,4,../data/crop/crop_329_6056830_wing_small.png
6055123,propeller,../data/images/110_6055123_propeller.png,,3,../data/crop/crop_110_6055123_propeller.png
6285534,chassis,../data/images/251_6285534_chassis.png,,1,../data/crop/crop_251_6285534_chassis.png
6056830,wing_small,../data/images/345_6056830_wing_small.png,,4,../data/crop/crop_345_6056830_wing_small.png
300224,3x2brick,../data/images/449_300224_3x2brick.png,,7,../data/crop/crop_449_300224_3x2brick.png
6271584,7x1plate_w_holes,../data/images/677_6271584_7x1plate_w_holes.png,,9,../data/crop/crop_677_6271584_7x1plate_w_holes.png
6055123,propeller,../data/images/97_6055123_propeller.png,,3,../data/crop/crop_97_6055123_propeller.png
6271584,7x1plate_w_holes,../data/images/708_6271584_7x1plate_w_holes.png,,9,../data/crop/crop_708_6271584_7x1plate_w_holes.png
6056830,wing_small,../data/images/362_6056830_wing_small.png,,4,../data/crop/crop_362_6056830_wing_small.png
300224,3x2brick,../data/images/503_300224_3x2brick.png,,7,../data/crop/crop_503_300224_3x2brick.png
6329156,4x4smooth_plate,../data/images/519_6329156_4x4smooth_plate.png,,0,../data/crop/crop_519_6329156_4x4smooth_plate.png
6323476,wing_big,../data/images/47_6323476_wing_big.png,,6,../data/crop/crop_47_6323476_wing_big.png
300224,3x2brick,../data/images/462_300224_3x2brick.png,,7,../data/crop/crop_462_300224_3x2brick.png
300224,3x2brick,../data/images/471_300224_3x2brick.png,,7,../data/crop/crop_471_300224_3x2brick.png
6271584,7x1plate_w_holes,../data/images/723_6271584_7x1plate_w_holes.png,,9,../data/crop/crop_723_6271584_7x1plate_w_holes.png
6056830,wing_small,../data/images/368_6056830_wing_small.png,,4,../data/crop/crop_368_6056830_wing_small.png
6285534,chassis,../data/images/201_6285534_chassis.png,,1,../data/crop/crop_201_6285534_chassis.png
6130009,rod,../data/images/654_6130009_rod.png,,5,../data/crop/crop_654_6130009_rod.png
6056830,wing_small,../data/images/333_6056830_wing_small.png,,4,../data/crop/crop_333_6056830_wing_small.png
6055123,propeller,../data/images/115_6055123_propeller.png,,3,../data/crop/crop_115_6055123_propeller.png
6130009,rod,../data/images/617_6130009_rod.png,,5,../data/crop/crop_617_6130009_rod.png
6130009,rod,../data/images/577_6130009_rod.png,,5,../data/crop/crop_577_6130009_rod.png
6055123,propeller,../data/images/82_6055123_propeller.png,,3,../data/crop/crop_82_6055123_propeller.png
6130009,rod,../data/images/585_6130009_rod.png,,5,../data/crop/crop_585_6130009_rod.png
6323476,wing_big,../data/images/16_6323476_wing_big.png,,6,../data/crop/crop_16_6323476_wing_big.png
6224075,guy,../data/images/146_6224075_guy.png,,2,../data/crop/crop_146_6224075_guy.png
6056830,wing_small,../data/images/350_6056830_wing_small.png,,4,../data/crop/crop_350_6056830_wing_small.png
6056830,wing_small,../data/images/377_6056830_wing_small.png,,4,../data/crop/crop_377_6056830_wing_small.png
6224075,guy,../data/images/157_6224075_guy.png,,2,../data/crop/crop_157_6224075_guy.png
6056830,wing_small,../data/images/313_6056830_wing_small.png,,4,../data/crop/crop_313_6056830_wing_small.png
6224075,guy,../data/images/190_6224075_guy.png,,2,../data/crop/crop_190_6224075_guy.png
6285534,chassis,../data/images/223_6285534_chassis.png,,1,../data/crop/crop_223_6285534_chassis.png
6285534,chassis,../data/images/272_6285534_chassis.png,,1,../data/crop/crop_272_6285534_chassis.png
300224,3x2brick,../data/images/499_300224_3x2brick.png,,7,../data/crop/crop_499_300224_3x2brick.png
6271584,7x1plate_w_holes,../data/images/714_6271584_7x1plate_w_holes.png,,9,../data/crop/crop_714_6271584_7x1plate_w_holes.png
6056830,wing_small,../data/images/327_6056830_wing_small.png,,4,../data/crop/crop_327_6056830_wing_small.png
6130009,rod,../data/images/622_6130009_rod.png,,5,../data/crop/crop_622_6130009_rod.png
6271584,7x1plate_w_holes,../data/images/689_6271584_7x1plate_w_holes.png,,9,../data/crop/crop_689_6271584_7x1plate_w_holes.png
6329156,4x4smooth_plate,../data/images/567_6329156_4x4smooth_plate.png,,0,../data/crop/crop_567_6329156_4x4smooth_plate.png
6130009,rod,../data/images/614_6130009_rod.png,,5,../data/crop/crop_614_6130009_rod.png
6130009,rod,../data/images/601_6130009_rod.png,,5,../data/crop/crop_601_6130009_rod.png
6271584,7x1plate_w_holes,../data/images/748_6271584_7x1plate_w_holes.png,,9,../data/crop/crop_748_6271584_7x1plate_w_holes.png
6056830,wing_small,../data/images/307_6056830_wing_small.png,,4,../data/crop/crop_307_6056830_wing_small.png
6055123,propeller,../data/images/93_6055123_propeller.png,,3,../data/crop/crop_93_6055123_propeller.png
6224075,guy,../data/images/169_6224075_guy.png,,2,../data/crop/crop_169_6224075_guy.png
6329156,4x4smooth_plate,../data/images/564_6329156_4x4smooth_plate.png,,0,../data/crop/crop_564_6329156_4x4smooth_plate.png
6056830,wing_small,../data/images/316_6056830_wing_small.png,,4,../data/crop/crop_316_6056830_wing_small.png
6323476,wing_big,../data/images/23_6323476_wing_big.png,,6,../data/crop/crop_23_6323476_wing_big.png
6271584,7x1plate_w_holes,../data/images/704_6271584_7x1plate_w_holes.png,,9,../data/crop/crop_704_6271584_7x1plate_w_holes.png
6055123,propeller,../data/images/113_6055123_propeller.png,,3,../data/crop/crop_113_6055123_propeller.png
6329156,4x4smooth_plate,../data/images/505_6329156_4x4smooth_plate.png,,0,../data/crop/crop_505_6329156_4x4smooth_plate.png
6323476,wing_big,../data/images/62_6323476_wing_big.png,,6,../data/crop/crop_62_6323476_wing_big.png
300224,3x2brick,../data/images/473_300224_3x2brick.png,,7,../data/crop/crop_473_300224_3x2brick.png
6285534,chassis,../data/images/261_6285534_chassis.png,,1,../data/crop/crop_261_6285534_chassis.png
6130009,rod,../data/images/581_6130009_rod.png,,5,../data/crop/crop_581_6130009_rod.png
6271584,7x1plate_w_holes,../data/images/687_6271584_7x1plate_w_holes.png,,9,../data/crop/crop_687_6271584_7x1plate_w_holes.png
6130009,rod,../data/images/664_6130009_rod.png,,5,../data/crop/crop_664_6130009_rod.png
6323476,wing_big,../data/images/40_6323476_wing_big.png,,6,../data/crop/crop_40_6323476_wing_big.png
300224,3x2brick,../data/images/442_300224_3x2brick.png,,7,../data/crop/crop_442_300224_3x2brick.png
300224,3x2brick,../data/images/493_300224_3x2brick.png,,7,../data/crop/crop_493_300224_3x2brick.png
6329156,4x4smooth_plate,../data/images/556_6329156_4x4smooth_plate.png,,0,../data/crop/crop_556_6329156_4x4smooth_plate.png
6055123,propeller,../data/images/81_6055123_propeller.png,,3,../data/crop/crop_81_6055123_propeller.png
6056830,wing_small,../data/images/341_6056830_wing_small.png,,4,../data/crop/crop_341_6056830_wing_small.png
6323476,wing_big,../data/images/77_6323476_wing_big.png,,6,../data/crop/crop_77_6323476_wing_big.png
6055123,propeller,../data/images/85_6055123_propeller.png,,3,../data/crop/crop_85_6055123_propeller.png
6224075,guy,../data/images/155_6224075_guy.png,,2,../data/crop/crop_155_6224075_guy.png
6224075,guy,../data/images/180_6224075_guy.png,,2,../data/crop/crop_180_6224075_guy.png
4243819,4xx4plate,../data/images/405_4243819_4xx4plate.png,,8,../data/crop/crop_405_4243819_4xx4plate.png
6271584,7x1plate_w_holes,../data/images/674_6271584_7x1plate_w_holes.png,,9,../data/crop/crop_674_6271584_7x1plate_w_holes.png
6056830,wing_small,../data/images/334_6056830_wing_small.png,,4,../data/crop/crop_334_6056830_wing_small.png
4243819,4xx4plate,../data/images/433_4243819_4xx4plate.png,,8,../data/crop/crop_433_4243819_4xx4plate.png
6285534,chassis,../data/images/257_6285534_chassis.png,,1,../data/crop/crop_257_6285534_chassis.png
6323476,wing_big,../data/images/10_6323476_wing_big.png,,6,../data/crop/crop_10_6323476_wing_big.png
4243819,4xx4plate,../data/images/437_4243819_4xx4plate.png,,8,../data/crop/crop_437_4243819_4xx4plate.png
6271584,7x1plate_w_holes,../data/images/725_6271584_7x1plate_w_holes.png,,9,../data/crop/crop_725_6271584_7x1plate_w_holes.png
6323476,wing_big,../data/images/27_6323476_wing_big.png,,6,../data/crop/crop_27_6323476_wing_big.png
6329156,4x4smooth_plate,../data/images/535_6329156_4x4smooth_plate.png,,0,../data/crop/crop_535_6329156_4x4smooth_plate.png
6130009,rod,../data/images/653_6130009_rod.png,,5,../data/crop/crop_653_6130009_rod.png
6130009,rod,../data/images/663_6130009_rod.png,,5,../data/crop/crop_663_6130009_rod.png
300224,3x2brick,../data/images/451_300224_3x2brick.png,,7,../data/crop/crop_451_300224_3x2brick.png
6329156,4x4smooth_plate,../data/images/542_6329156_4x4smooth_plate.png,,0,../data/crop/crop_542_6329156_4x4smooth_plate.png
6056830,wing_small,../data/images/376_6056830_wing_small.png,,4,../data/crop/crop_376_6056830_wing_small.png
6130009,rod,../data/images/645_6130009_rod.png,,5,../data/crop/crop_645_6130009_rod.png
6056830,wing_small,../data/images/356_6056830_wing_small.png,,4,../data/crop/crop_356_6056830_wing_small.png
6285534,chassis,../data/images/274_6285534_chassis.png,,1,../data/crop/crop_274_6285534_chassis.png
6056830,wing_small,../data/images/385_6056830_wing_small.png,,4,../data/crop/crop_385_6056830_wing_small.png
6224075,guy,../data/images/136_6224075_guy.png,,2,../data/crop/crop_136_6224075_guy.png
6056830,wing_small,../data/images/370_6056830_wing_small.png,,4,../data/crop/crop_370_6056830_wing_small.png
6329156,4x4smooth_plate,../data/images/536_6329156_4x4smooth_plate.png,,0,../data/crop/crop_536_6329156_4x4smooth_plate.png
6130009,rod,../data/images/608_6130009_rod.png,,5,../data/crop/crop_608_6130009_rod.png
6056830,wing_small,../data/images/319_6056830_wing_small.png,,4,../data/crop/crop_319_6056830_wing_small.png
6329156,4x4smooth_plate,../data/images/514_6329156_4x4smooth_plate.png,,0,../data/crop/crop_514_6329156_4x4smooth_plate.png
6056830,wing_small,../data/images/352_6056830_wing_small.png,,4,../data/crop/crop_352_6056830_wing_small.png
6285534,chassis,../data/images/245_6285534_chassis.png,,1,../data/crop/crop_245_6285534_chassis.png
6056830,wing_small,../data/images/314_6056830_wing_small.png,,4,../data/crop/crop_314_6056830_wing_small.png
6285534,chassis,../data/images/205_6285534_chassis.png,,1,../data/crop/crop_205_6285534_chassis.png
6329156,4x4smooth_plate,../data/images/539_6329156_4x4smooth_plate.png,,0,../data/crop/crop_539_6329156_4x4smooth_plate.png
6056830,wing_small,../data/images/303_6056830_wing_small.png,,4,../data/crop/crop_303_6056830_wing_small.png
4243819,4xx4plate,../data/images/404_4243819_4xx4plate.png,,8,../data/crop/crop_404_4243819_4xx4plate.png
6285534,chassis,../data/images/218_6285534_chassis.png,,1,../data/crop/crop_218_6285534_chassis.png
6329156,4x4smooth_plate,../data/images/565_6329156_4x4smooth_plate.png,,0,../data/crop/crop_565_6329156_4x4smooth_plate.png
6329156,4x4smooth_plate,../data/images/526_6329156_4x4smooth_plate.png,,0,../data/crop/crop_526_6329156_4x4smooth_plate.png
6323476,wing_big,../data/images/4_6323476_wing_big.png,,6,../data/crop/crop_4_6323476_wing_big.png
6323476,wing_big,../data/images/69_6323476_wing_big.png,,6,../data/crop/crop_69_6323476_wing_big.png
6224075,guy,../data/images/193_6224075_guy.png,,2,../data/crop/crop_193_6224075_guy.png
6224075,guy,../data/images/188_6224075_guy.png,,2,../data/crop/crop_188_6224075_guy.png
6130009,rod,../data/images/625_6130009_rod.png,,5,../data/crop/crop_625_6130009_rod.png
6329156,4x4smooth_plate,../data/images/510_6329156_4x4smooth_plate.png,,0,../data/crop/crop_510_6329156_4x4smooth_plate.png
6329156,4x4smooth_plate,../data/images/561_6329156_4x4smooth_plate.png,,0,../data/crop/crop_561_6329156_4x4smooth_plate.png
6055123,propeller,../data/images/98_6055123_propeller.png,,3,../data/crop/crop_98_6055123_propeller.png
6055123,propeller,../data/images/114_6055123_propeller.png,,3,../data/crop/crop_114_6055123_propeller.png
6056830,wing_small,../data/images/372_6056830_wing_small.png,,4,../data/crop/crop_372_6056830_wing_small.png
6130009,rod,../data/images/584_6130009_rod.png,,5,../data/crop/crop_584_6130009_rod.png
4243819,4xx4plate,../data/images/429_4243819_4xx4plate.png,,8,../data/crop/crop_429_4243819_4xx4plate.png
6056830,wing_small,../data/images/382_6056830_wing_small.png,,4,../data/crop/crop_382_6056830_wing_small.png
6130009,rod,../data/images/650_6130009_rod.png,,5,../data/crop/crop_650_6130009_rod.png
300224,3x2brick,../data/images/458_300224_3x2brick.png,,7,../data/crop/crop_458_300224_3x2brick.png
6224075,guy,../data/images/182_6224075_guy.png,,2,../data/crop/crop_182_6224075_guy.png
6271584,7x1plate_w_holes,../data/images/692_6271584_7x1plate_w_holes.png,,9,../data/crop/crop_692_6271584_7x1plate_w_holes.png
300224,3x2brick,../data/images/461_300224_3x2brick.png,,7,../data/crop/crop_461_300224_3x2brick.png
6055123,propeller,../data/images/118_6055123_propeller.png,,3,../data/crop/crop_118_6055123_propeller.png
6285534,chassis,../data/images/197_6285534_chassis.png,,1,../data/crop/crop_197_6285534_chassis.png
6130009,rod,../data/images/599_6130009_rod.png,,5,../data/crop/crop_599_6130009_rod.png
4243819,4xx4plate,../data/images/407_4243819_4xx4plate.png,,8,../data/crop/crop_407_4243819_4xx4plate.png
6285534,chassis,../data/images/234_6285534_chassis.png,,1,../data/crop/crop_234_6285534_chassis.png
6130009,rod,../data/images/640_6130009_rod.png,,5,../data/crop/crop_640_6130009_rod.png
6271584,7x1plate_w_holes,../data/images/720_6271584_7x1plate_w_holes.png,,9,../data/crop/crop_720_6271584_7x1plate_w_holes.png
6271584,7x1plate_w_holes,../data/images/709_6271584_7x1plate_w_holes.png,,9,../data/crop/crop_709_6271584_7x1plate_w_holes.png
6329156,4x4smooth_plate,../data/images/521_6329156_4x4smooth_plate.png,,0,../data/crop/crop_521_6329156_4x4smooth_plate.png
6056830,wing_small,../data/images/323_6056830_wing_small.png,,4,../data/crop/crop_323_6056830_wing_small.png
6056830,wing_small,../data/images/358_6056830_wing_small.png,,4,../data/crop/crop_358_6056830_wing_small.png
6329156,4x4smooth_plate,../data/images/541_6329156_4x4smooth_plate.png,,0,../data/crop/crop_541_6329156_4x4smooth_plate.png
6130009,rod,../data/images/586_6130009_rod.png,,5,../data/crop/crop_586_6130009_rod.png
6323476,wing_big,../data/images/2_6323476_wing_big.png,,6,../data/crop/crop_2_6323476_wing_big.png
6056830,wing_small,../data/images/349_6056830_wing_small.png,,4,../data/crop/crop_349_6056830_wing_small.png
6130009,rod,../data/images/634_6130009_rod.png,,5,../data/crop/crop_634_6130009_rod.png
6055123,propeller,../data/images/117_6055123_propeller.png,,3,../data/crop/crop_117_6055123_propeller.png
6130009,rod,../data/images/626_6130009_rod.png,,5,../data/crop/crop_626_6130009_rod.png
6056830,wing_small,../data/images/353_6056830_wing_small.png,,4,../data/crop/crop_353_6056830_wing_small.png
6224075,guy,../data/images/185_6224075_guy.png,,2,../data/crop/crop_185_6224075_guy.png
6271584,7x1plate_w_holes,../data/images/719_6271584_7x1plate_w_holes.png,,9,../data/crop/crop_719_6271584_7x1plate_w_holes.png
300224,3x2brick,../data/images/448_300224_3x2brick.png,,7,../data/crop/crop_448_300224_3x2brick.png
6130009,rod,../data/images/658_6130009_rod.png,,5,../data/crop/crop_658_6130009_rod.png
6271584,7x1plate_w_holes,../data/images/715_6271584_7x1plate_w_holes.png,,9,../data/crop/crop_715_6271584_7x1plate_w_holes.png
6224075,guy,../data/images/195_6224075_guy.png,,2,../data/crop/crop_195_6224075_guy.png
6323476,wing_big,../data/images/45_6323476_wing_big.png,,6,../data/crop/crop_45_6323476_wing_big.png
6056830,wing_small,../data/images/371_6056830_wing_small.png,,4,../data/crop/crop_371_6056830_wing_small.png
6224075,guy,../data/images/196_6224075_guy.png,,2,../data/crop/crop_196_6224075_guy.png
6271584,7x1plate_w_holes,../data/images/721_6271584_7x1plate_w_holes.png,,9,../data/crop/crop_721_6271584_7x1plate_w_holes.png
6130009,rod,../data/images/665_6130009_rod.png,,5,../data/crop/crop_665_6130009_rod.png
6055123,propeller,../data/images/111_6055123_propeller.png,,3,../data/crop/crop_111_6055123_propeller.png
6055123,propeller,../data/images/108_6055123_propeller.png,,3,../data/crop/crop_108_6055123_propeller.png
4243819,4xx4plate,../data/images/388_4243819_4xx4plate.png,,8,../data/crop/crop_388_4243819_4xx4plate.png
6285534,chassis,../data/images/266_6285534_chassis.png,,1,../data/crop/crop_266_6285534_chassis.png
6224075,guy,../data/images/129_6224075_guy.png,,2,../data/crop/crop_129_6224075_guy.png
6055123,propeller,../data/images/92_6055123_propeller.png,,3,../data/crop/crop_92_6055123_propeller.png
6130009,rod,../data/images/656_6130009_rod.png,,5,../data/crop/crop_656_6130009_rod.png
6285534,chassis,../data/images/214_6285534_chassis.png,,1,../data/crop/crop_214_6285534_chassis.png
6271584,7x1plate_w_holes,../data/images/676_6271584_7x1plate_w_holes.png,,9,../data/crop/crop_676_6271584_7x1plate_w_holes.png
6323476,wing_big,../data/images/65_6323476_wing_big.png,,6,../data/crop/crop_65_6323476_wing_big.png
300224,3x2brick,../data/images/488_300224_3x2brick.png,,7,../data/crop/crop_488_300224_3x2brick.png
6323476,wing_big,../data/images/54_6323476_wing_big.png,,6,../data/crop/crop_54_6323476_wing_big.png
6285534,chassis,../data/images/206_6285534_chassis.png,,1,../data/crop/crop_206_6285534_chassis.png
6285534,chassis,../data/images/229_6285534_chassis.png,,1,../data/crop/crop_229_6285534_chassis.png
6285534,chassis,../data/images/246_6285534_chassis.png,,1,../data/crop/crop_246_6285534_chassis.png
6285534,chassis,../data/images/280_6285534_chassis.png,,1,../data/crop/crop_280_6285534_chassis.png
6271584,7x1plate_w_holes,../data/images/710_6271584_7x1plate_w_holes.png,,9,../data/crop/crop_710_6271584_7x1plate_w_holes.png
6056830,wing_small,../data/images/335_6056830_wing_small.png,,4,../data/crop/crop_335_6056830_wing_small.png
4243819,4xx4plate,../data/images/435_4243819_4xx4plate.png,,8,../data/crop/crop_435_4243819_4xx4plate.png
6130009,rod,../data/images/670_6130009_rod.png,,5,../data/crop/crop_670_6130009_rod.png
300224,3x2brick,../data/images/487_300224_3x2brick.png,,7,../data/crop/crop_487_300224_3x2brick.png
6285534,chassis,../data/images/236_6285534_chassis.png,,1,../data/crop/crop_236_6285534_chassis.png
6271584,7x1plate_w_holes,../data/images/760_6271584_7x1plate_w_holes.png,,9,../data/crop/crop_760_6271584_7x1plate_w_holes.png
6130009,rod,../data/images/589_6130009_rod.png,,5,../data/crop/crop_589_6130009_rod.png
6323476,wing_big,../data/images/32_6323476_wing_big.png,,6,../data/crop/crop_32_6323476_wing_big.png
6285534,chassis,../data/images/249_6285534_chassis.png,,1,../data/crop/crop_249_6285534_chassis.png
6323476,wing_big,../data/images/31_6323476_wing_big.png,,6,../data/crop/crop_31_6323476_wing_big.png
6271584,7x1plate_w_holes,../data/images/734_6271584_7x1plate_w_holes.png,,9,../data/crop/crop_734_6271584_7x1plate_w_holes.png
6224075,guy,../data/images/152_6224075_guy.png,,2,../data/crop/crop_152_6224075_guy.png
6056830,wing_small,../data/images/342_6056830_wing_small.png,,4,../data/crop/crop_342_6056830_wing_small.png
6271584,7x1plate_w_holes,../data/images/680_6271584_7x1plate_w_holes.png,,9,../data/crop/crop_680_6271584_7x1plate_w_holes.png
6056830,wing_small,../data/images/331_6056830_wing_small.png,,4,../data/crop/crop_331_6056830_wing_small.png
4243819,4xx4plate,../data/images/399_4243819_4xx4plate.png,,8,../data/crop/crop_399_4243819_4xx4plate.png
6285534,chassis,../data/images/277_6285534_chassis.png,,1,../data/crop/crop_277_6285534_chassis.png
6055123,propeller,../data/images/107_6055123_propeller.png,,3,../data/crop/crop_107_6055123_propeller.png
6285534,chassis,../data/images/253_6285534_chassis.png,,1,../data/crop/crop_253_6285534_chassis.png
6055123,propeller,../data/images/100_6055123_propeller.png,,3,../data/crop/crop_100_6055123_propeller.png
6224075,guy,../data/images/161_6224075_guy.png,,2,../data/crop/crop_161_6224075_guy.png
6224075,guy,../data/images/137_6224075_guy.png,,2,../data/crop/crop_137_6224075_guy.png
300224,3x2brick,../data/images/501_300224_3x2brick.png,,7,../data/crop/crop_501_300224_3x2brick.png
